/,https://www.crmedicinafetal.com.br/,0,301
/perfil/,https://www.crmedicinafetal.com.br/perfil,0,301
/clinica/,https://www.crmedicinafetal.com.br/clinica,0,301
/contato/,https://www.crmedicinafetal.com.br/contato,0,301
/ginecologia/,https://www.crmedicinafetal.com.br/ginecologia,0,301
/obstetricia/,https://www.crmedicinafetal.com.br/obstetricia,0,301
/medicina-fetal/,https://www.crmedicinafetal.com.br/medicina-fetal,0,301
/exames/,https://www.crmedicinafetal.com.br/exames,0,301
/politica-de-privacidade/,https://www.crmedicinafetal.com.br/politica-de-privacidade,0,301
/exames/viabilidade/,https://www.crmedicinafetal.com.br/viabilidade,0,301
/exames/morfologico-1o-trimestre/,https://www.crmedicinafetal.com.br/morfologico-1o-trimestre,0,301
/exames/morfologico-2o-trimestre/,https://www.crmedicinafetal.com.br/morfologico-2o-trimestre,0,301
/exames/medida-de-comprimento-do-colo/,https://www.crmedicinafetal.com.br/medida-de-comprimento-do-colo,0,301
/exames/ultrassonografia-obstetrica-com-dopplerfluxometria/,https://www.crmedicinafetal.com.br/ultrassonografia-obstetrica-com-dopplerfluxometria,0,301
/exames/cardiotocografia-basal/,https://www.crmedicinafetal.com.br/cardiotocografia-basal,0,301
/exames/perfil-biofisico-fetal/,https://www.crmedicinafetal.com.br/perfil-biofisico-fetal,0,301
/exames/ultrassonografia-ginecologica/,https://www.crmedicinafetal.com.br/ultrassonografia-ginecologica,0,301
/exames/us-3d-e-4d/,https://www.crmedicinafetal.com.br/ultrassom-3d-4d,0,301
/exames/testes-diagnosticos-invasivos/,https://www.crmedicinafetal.com.br/testes-diagnosticos-invasivos,0,301
/exames/ultrassonografia-seriada/,https://www.crmedicinafetal.com.br/ultrassonografia-seriada,0,301
/en/home/,https://www.crmedicinafetal.com.br/en/,0,301
/en/clinic/,https://www.crmedicinafetal.com.br/en/clinica,0,301
/en/profile/,https://www.crmedicinafetal.com.br/en/perfil,0,301
/en/contact/,https://www.crmedicinafetal.com.br/en/contato,0,301
/en/gynecology/,https://www.crmedicinafetal.com.br/en/ginecologia,0,301
/en/obstetrics/,https://www.crmedicinafetal.com.br/en/obstetricia,0,301
/en/fetal-medicine/,https://www.crmedicinafetal.com.br/en/medicina-fetal,0,301
/en/exams/,https://www.crmedicinafetal.com.br/en/exames,0,301
/en/exams/viability/,https://www.crmedicinafetal.com.br/en/viability-scan,0,301
/en/exams/1-trimester-screening/,https://www.crmedicinafetal.com.br/en/1st-trimester-morphology,0,301
/en/exams/anomaly-scan/,https://www.crmedicinafetal.com.br/en/2nd-trimester-morphology,0,301
/en/exams/cervical-length/,https://www.crmedicinafetal.com.br/en/cervical-length-measurement,0,301
/en/exams/basal-cardiotocography/,https://www.crmedicinafetal.com.br/en/cardiotocography,0,301
/en/exams/biophysical-profile/,https://www.crmedicinafetal.com.br/en/foetal-biophysical-profile,0,301
/en/exams/gynecological-scan/,https://www.crmedicinafetal.com.br/en/gynaecological-ultrasound,0,301
/en/exams/3d-4d-ultrasound/,https://www.crmedicinafetal.com.br/en/3d-4d-ultrasound,0,301
/en/exams/invasive-diagnostic-tests/,https://www.crmedicinafetal.com.br/en/invasive-diagnostic-tests,0,301
